          Category;  Run Identifier;  Sample Identifier;         Score;  Score Metric
      native-image;             pgo;                  1;        13.080;  Power (Watt)
      native-image;             pgo;                  2;        13.400;  Power (Watt)
      native-image;             pgo;                  3;        12.520;  Power (Watt)
      native-image;             pgo;                  4;        33.480;  Power (Watt)
      native-image;             pgo;                  5;        32.250;  Power (Watt)
      native-image;             pgo;                  6;        35.770;  Power (Watt)
      native-image;             pgo;                  7;        32.950;  Power (Watt)
      native-image;             pgo;                  8;        38.900;  Power (Watt)
      native-image;             pgo;                  9;        39.180;  Power (Watt)
      native-image;             pgo;                 10;        37.700;  Power (Watt)
      native-image;             pgo;                 11;        37.760;  Power (Watt)
      native-image;             pgo;                 12;        40.040;  Power (Watt)
      native-image;             pgo;                 13;        35.090;  Power (Watt)
      native-image;             pgo;                 14;        37.900;  Power (Watt)
      native-image;             pgo;                 15;        37.050;  Power (Watt)
      native-image;             pgo;                 16;        38.890;  Power (Watt)
      native-image;             pgo;                 17;        39.110;  Power (Watt)
      native-image;             pgo;                 18;        38.400;  Power (Watt)
      native-image;             pgo;                 19;        38.760;  Power (Watt)
      native-image;             pgo;                 20;        36.610;  Power (Watt)
      native-image;             pgo;                 21;        36.050;  Power (Watt)
      native-image;             pgo;                 22;        35.310;  Power (Watt)
      native-image;             pgo;                 23;        35.760;  Power (Watt)
      native-image;             pgo;                 24;        40.010;  Power (Watt)
      native-image;             pgo;                 25;        36.680;  Power (Watt)
      native-image;             pgo;                 26;        42.810;  Power (Watt)
      native-image;             pgo;                 27;        40.800;  Power (Watt)
      native-image;             pgo;                 28;        42.260;  Power (Watt)
      native-image;             pgo;                 29;        41.380;  Power (Watt)
      native-image;             pgo;                 30;        42.720;  Power (Watt)
      native-image;             pgo;                 31;        43.380;  Power (Watt)
      native-image;             pgo;                 32;        39.230;  Power (Watt)
      native-image;             pgo;                 33;        41.670;  Power (Watt)
      native-image;             pgo;                 34;        34.400;  Power (Watt)
      native-image;             pgo;                 35;        38.000;  Power (Watt)
      native-image;             pgo;                 36;        51.070;  Power (Watt)
      native-image;             pgo;                 37;        55.390;  Power (Watt)
      native-image;             pgo;                 38;        51.010;  Power (Watt)
      native-image;             pgo;                 39;        48.840;  Power (Watt)
      native-image;             pgo;                 40;        47.300;  Power (Watt)
      native-image;             pgo;                 41;        41.720;  Power (Watt)
      native-image;             pgo;                 42;        36.320;  Power (Watt)
      native-image;             pgo;                 43;        38.800;  Power (Watt)
      native-image;             pgo;                 44;        40.850;  Power (Watt)
      native-image;             pgo;                 45;        40.630;  Power (Watt)
      native-image;             pgo;                 46;        55.130;  Power (Watt)
      native-image;             pgo;                 47;        58.490;  Power (Watt)
      native-image;             pgo;                 48;        68.380;  Power (Watt)
      native-image;             pgo;                 49;        68.410;  Power (Watt)
      native-image;             pgo;                 50;        66.150;  Power (Watt)
      native-image;             pgo;                 51;        61.450;  Power (Watt)
      native-image;             pgo;                 52;        68.400;  Power (Watt)
      native-image;             pgo;                 53;        66.830;  Power (Watt)
      native-image;             pgo;                 54;        67.730;  Power (Watt)
      native-image;             pgo;                 55;        57.560;  Power (Watt)
      native-image;             pgo;                 56;        63.340;  Power (Watt)
      native-image;             pgo;                 57;        62.730;  Power (Watt)
      native-image;             pgo;                 58;        53.230;  Power (Watt)
      native-image;             pgo;                 59;        56.390;  Power (Watt)
      native-image;             pgo;                 60;        59.460;  Power (Watt)
      native-image;             pgo;                 61;        62.420;  Power (Watt)
      native-image;             pgo;                 62;        64.340;  Power (Watt)
      native-image;             pgo;                 63;        54.460;  Power (Watt)
      native-image;             pgo;                 64;        59.580;  Power (Watt)
      native-image;             pgo;                 65;        64.510;  Power (Watt)
      native-image;             pgo;                 66;        64.800;  Power (Watt)
      native-image;             pgo;                 67;        65.540;  Power (Watt)
      native-image;             pgo;                 68;        62.850;  Power (Watt)
      native-image;             pgo;                 69;        68.650;  Power (Watt)
      native-image;             pgo;                 70;        65.130;  Power (Watt)
      native-image;             pgo;                 71;        65.010;  Power (Watt)
      native-image;             pgo;                 72;        60.240;  Power (Watt)
      native-image;             pgo;                 73;        63.500;  Power (Watt)
      native-image;             pgo;                 74;        64.750;  Power (Watt)
      native-image;             pgo;                 75;        56.340;  Power (Watt)
      native-image;             pgo;                 76;        63.100;  Power (Watt)
      native-image;             pgo;                 77;        65.450;  Power (Watt)
      native-image;             pgo;                 78;        66.250;  Power (Watt)
      native-image;             pgo;                 79;        65.610;  Power (Watt)
      native-image;             pgo;                 80;        61.380;  Power (Watt)
      native-image;             pgo;                 81;        64.610;  Power (Watt)
      native-image;             pgo;                 82;        55.570;  Power (Watt)
      native-image;             pgo;                 83;        66.090;  Power (Watt)
      native-image;             pgo;                 84;        67.150;  Power (Watt)
      native-image;             pgo;                 85;        65.700;  Power (Watt)
      native-image;             pgo;                 86;        64.390;  Power (Watt)
      native-image;             pgo;                 87;        65.220;  Power (Watt)
      native-image;             pgo;                 88;        60.190;  Power (Watt)
      native-image;             pgo;                 89;        59.200;  Power (Watt)
      native-image;             pgo;                 90;        60.290;  Power (Watt)
      native-image;             pgo;                 91;        56.360;  Power (Watt)
      native-image;             pgo;                 92;        65.170;  Power (Watt)
      native-image;             pgo;                 93;        65.870;  Power (Watt)
      native-image;             pgo;                 94;        63.940;  Power (Watt)
      native-image;             pgo;                 95;        61.560;  Power (Watt)
      native-image;             pgo;                 96;        65.110;  Power (Watt)
      native-image;             pgo;                 97;        60.040;  Power (Watt)
      native-image;             pgo;                 98;        56.370;  Power (Watt)
      native-image;             pgo;                 99;        64.420;  Power (Watt)
      native-image;             pgo;                100;        63.780;  Power (Watt)
      native-image;             pgo;                101;        66.140;  Power (Watt)
      native-image;             pgo;                102;        61.800;  Power (Watt)
      native-image;             pgo;                103;        55.100;  Power (Watt)
      native-image;             pgo;                104;        49.760;  Power (Watt)
      native-image;             pgo;                105;        49.480;  Power (Watt)
      native-image;             pgo;                106;        49.700;  Power (Watt)
      native-image;             pgo;                107;        50.730;  Power (Watt)
      native-image;             pgo;                108;        50.140;  Power (Watt)
      native-image;             pgo;                109;        50.990;  Power (Watt)
      native-image;             pgo;                110;        46.980;  Power (Watt)
      native-image;             pgo;                111;        47.420;  Power (Watt)
      native-image;             pgo;                112;        46.680;  Power (Watt)
      native-image;             pgo;                113;        48.750;  Power (Watt)
      native-image;             pgo;                114;        48.520;  Power (Watt)
      native-image;             pgo;                115;        47.570;  Power (Watt)
      native-image;             pgo;                116;        45.520;  Power (Watt)
      native-image;             pgo;                117;        46.770;  Power (Watt)
      native-image;             pgo;                118;        42.710;  Power (Watt)
      native-image;             pgo;                119;        46.440;  Power (Watt)
      native-image;             pgo;                120;        46.970;  Power (Watt)
      native-image;             pgo;                121;        44.660;  Power (Watt)
      native-image;             pgo;                122;        42.090;  Power (Watt)
      native-image;             pgo;                123;        42.710;  Power (Watt)
      native-image;             pgo;                124;        44.890;  Power (Watt)
      native-image;             pgo;                125;        49.030;  Power (Watt)
      native-image;             pgo;                126;        52.010;  Power (Watt)
      native-image;             pgo;                127;        53.200;  Power (Watt)
      native-image;             pgo;                128;        44.870;  Power (Watt)
      native-image;             pgo;                129;        44.460;  Power (Watt)
      native-image;             pgo;                130;        48.220;  Power (Watt)
      native-image;             pgo;                131;        45.530;  Power (Watt)
      native-image;             pgo;                132;        43.130;  Power (Watt)
      native-image;             pgo;                133;        44.650;  Power (Watt)
      native-image;             pgo;                134;        46.130;  Power (Watt)
      native-image;             pgo;                135;        46.790;  Power (Watt)
      native-image;             pgo;                136;        39.640;  Power (Watt)
      native-image;             pgo;                137;        28.730;  Power (Watt)
      native-image;             pgo;                138;        33.310;  Power (Watt)
      native-image;             pgo;                139;        51.650;  Power (Watt)
      native-image;             pgo;                140;        50.320;  Power (Watt)
      native-image;             pgo;                141;        37.830;  Power (Watt)
      native-image;             pgo;                142;        38.770;  Power (Watt)
      native-image;             pgo;                143;        33.320;  Power (Watt)
      native-image;             pgo;                144;        52.660;  Power (Watt)
      native-image;             pgo;                145;        43.580;  Power (Watt)
      native-image;             pgo;                146;        30.030;  Power (Watt)
      native-image;             pgo;                147;        46.530;  Power (Watt)
      native-image;             pgo;                148;        37.940;  Power (Watt)
      native-image;             pgo;                149;        34.010;  Power (Watt)
      native-image;             pgo;                150;        42.560;  Power (Watt)
      native-image;             pgo;                151;        35.560;  Power (Watt)
      native-image;             pgo;                152;        36.660;  Power (Watt)
      native-image;             pgo;                153;        35.400;  Power (Watt)
      native-image;             pgo;                154;        32.700;  Power (Watt)
      native-image;             pgo;                155;        33.660;  Power (Watt)
      native-image;             pgo;                156;        36.660;  Power (Watt)
      native-image;             pgo;                157;        40.750;  Power (Watt)
      native-image;             pgo;                158;        69.330;  Power (Watt)
      native-image;             pgo;                159;        62.180;  Power (Watt)
      native-image;             pgo;                160;        62.310;  Power (Watt)
      native-image;             pgo;                161;        59.740;  Power (Watt)
      native-image;             pgo;                162;        64.520;  Power (Watt)
      native-image;             pgo;                163;        58.160;  Power (Watt)
      native-image;             pgo;                164;        50.790;  Power (Watt)
      native-image;             pgo;                165;        48.120;  Power (Watt)
      native-image;             pgo;                166;        39.780;  Power (Watt)
      native-image;             pgo;                167;        37.600;  Power (Watt)
      native-image;             pgo;                168;        58.620;  Power (Watt)
      native-image;             pgo;                169;        66.600;  Power (Watt)
      native-image;             pgo;                170;        55.570;  Power (Watt)
      native-image;             pgo;                171;        39.600;  Power (Watt)
      native-image;             pgo;                172;        37.300;  Power (Watt)
      native-image;             pgo;                173;        38.210;  Power (Watt)
      native-image;             pgo;                174;        36.980;  Power (Watt)
      native-image;             pgo;                175;        35.630;  Power (Watt)
      native-image;             pgo;                176;        31.260;  Power (Watt)
      native-image;             pgo;                177;        52.180;  Power (Watt)
      native-image;             pgo;                178;        69.120;  Power (Watt)
      native-image;             pgo;                179;        66.720;  Power (Watt)
      native-image;             pgo;                180;        67.120;  Power (Watt)
      native-image;             pgo;                181;        78.760;  Power (Watt)
      native-image;             pgo;                182;        80.080;  Power (Watt)
      native-image;             pgo;                183;        80.070;  Power (Watt)
      native-image;             pgo;                184;        76.210;  Power (Watt)
      native-image;             pgo;                185;        49.060;  Power (Watt)
      native-image;             pgo;                186;        29.360;  Power (Watt)
      native-image;             pgo;                187;        74.120;  Power (Watt)
      native-image;             pgo;                188;        80.520;  Power (Watt)
      native-image;             pgo;                189;        70.020;  Power (Watt)
      native-image;             pgo;                190;        53.860;  Power (Watt)
      native-image;             pgo;                191;        39.180;  Power (Watt)
      native-image;             pgo;                192;        40.940;  Power (Watt)
      native-image;             pgo;                193;        58.680;  Power (Watt)
      native-image;             pgo;                194;        56.940;  Power (Watt)
      native-image;             pgo;                195;        56.670;  Power (Watt)
      native-image;             pgo;                196;        62.140;  Power (Watt)
      native-image;             pgo;                197;        68.770;  Power (Watt)
      native-image;             pgo;                198;        67.320;  Power (Watt)
      native-image;             pgo;                199;        61.740;  Power (Watt)
      native-image;             pgo;                200;        72.150;  Power (Watt)
      native-image;             pgo;                201;        68.300;  Power (Watt)
      native-image;             pgo;                202;        69.130;  Power (Watt)
      native-image;             pgo;                203;        69.560;  Power (Watt)
      native-image;             pgo;                204;        73.480;  Power (Watt)
      native-image;             pgo;                205;        73.160;  Power (Watt)
      native-image;             pgo;                206;        72.530;  Power (Watt)
      native-image;             pgo;                207;        73.770;  Power (Watt)
      native-image;             pgo;                208;        73.740;  Power (Watt)
      native-image;             pgo;                209;        74.150;  Power (Watt)
      native-image;             pgo;                210;        74.910;  Power (Watt)
      native-image;             pgo;                211;        70.910;  Power (Watt)
      native-image;             pgo;                212;        70.730;  Power (Watt)
      native-image;             pgo;                213;        71.000;  Power (Watt)
      native-image;             pgo;                214;        71.650;  Power (Watt)
      native-image;             pgo;                215;        69.770;  Power (Watt)
      native-image;             pgo;                216;        68.550;  Power (Watt)
      native-image;             pgo;                217;        66.420;  Power (Watt)
      native-image;             pgo;                218;        68.770;  Power (Watt)
      native-image;             pgo;                219;        74.530;  Power (Watt)
      native-image;             pgo;                220;        72.780;  Power (Watt)
      native-image;             pgo;                221;        76.060;  Power (Watt)
      native-image;             pgo;                222;        78.640;  Power (Watt)
      native-image;             pgo;                223;        79.880;  Power (Watt)
      native-image;             pgo;                224;        80.380;  Power (Watt)
      native-image;             pgo;                225;        80.360;  Power (Watt)
      native-image;             pgo;                226;        77.350;  Power (Watt)
      native-image;             pgo;                227;        71.530;  Power (Watt)
      native-image;             pgo;                228;        72.850;  Power (Watt)
      native-image;             pgo;                229;        75.500;  Power (Watt)
      native-image;             pgo;                230;        76.110;  Power (Watt)
      native-image;             pgo;                231;        80.780;  Power (Watt)
      native-image;             pgo;                232;        81.420;  Power (Watt)
      native-image;             pgo;                233;        81.890;  Power (Watt)
      native-image;             pgo;                234;        81.180;  Power (Watt)
      native-image;             pgo;                235;        82.530;  Power (Watt)
      native-image;             pgo;                236;        81.880;  Power (Watt)
      native-image;             pgo;                237;        81.710;  Power (Watt)
      native-image;             pgo;                238;        81.530;  Power (Watt)
      native-image;             pgo;                239;        82.140;  Power (Watt)
      native-image;             pgo;                240;        82.320;  Power (Watt)
      native-image;             pgo;                241;        82.060;  Power (Watt)
      native-image;             pgo;                242;        78.750;  Power (Watt)
      native-image;             pgo;                243;        81.250;  Power (Watt)
      native-image;             pgo;                244;        84.030;  Power (Watt)
      native-image;             pgo;                245;        82.000;  Power (Watt)
      native-image;             pgo;                246;        80.720;  Power (Watt)
      native-image;             pgo;                247;        82.480;  Power (Watt)
      native-image;             pgo;                248;        82.140;  Power (Watt)
      native-image;             pgo;                249;        82.480;  Power (Watt)
      native-image;             pgo;                250;        81.980;  Power (Watt)
      native-image;             pgo;                251;        82.330;  Power (Watt)
      native-image;             pgo;                252;        82.510;  Power (Watt)
      native-image;             pgo;                253;        81.060;  Power (Watt)
      native-image;             pgo;                254;        82.360;  Power (Watt)
      native-image;             pgo;                255;        82.140;  Power (Watt)
      native-image;             pgo;                256;        82.910;  Power (Watt)
      native-image;             pgo;                257;        81.790;  Power (Watt)
      native-image;             pgo;                258;        82.960;  Power (Watt)
      native-image;             pgo;                259;        83.260;  Power (Watt)
      native-image;             pgo;                260;        82.830;  Power (Watt)
      native-image;             pgo;                261;        81.260;  Power (Watt)
      native-image;             pgo;                262;        82.790;  Power (Watt)
      native-image;             pgo;                263;        83.140;  Power (Watt)
      native-image;             pgo;                264;        64.070;  Power (Watt)
      native-image;             pgo;                265;        69.700;  Power (Watt)
      native-image;             pgo;                266;        80.310;  Power (Watt)
      native-image;             pgo;                267;        82.850;  Power (Watt)
      native-image;             pgo;                268;        82.910;  Power (Watt)
      native-image;             pgo;                269;        82.440;  Power (Watt)
      native-image;             pgo;                270;        82.920;  Power (Watt)
      native-image;             pgo;                271;        82.770;  Power (Watt)
      native-image;             pgo;                272;        82.500;  Power (Watt)
      native-image;             pgo;                273;        83.280;  Power (Watt)
      native-image;             pgo;                274;        82.960;  Power (Watt)
      native-image;             pgo;                275;        84.440;  Power (Watt)
      native-image;             pgo;                276;        83.540;  Power (Watt)
      native-image;             pgo;                277;        83.370;  Power (Watt)
      native-image;             pgo;                278;        82.740;  Power (Watt)
      native-image;             pgo;                279;        83.750;  Power (Watt)
      native-image;             pgo;                280;        83.060;  Power (Watt)
      native-image;             pgo;                281;        60.690;  Power (Watt)
      native-image;             pgo;                282;        80.770;  Power (Watt)
      native-image;             pgo;                283;        81.120;  Power (Watt)
      native-image;             pgo;                284;        83.280;  Power (Watt)
      native-image;             pgo;                285;        84.490;  Power (Watt)
      native-image;             pgo;                286;        76.700;  Power (Watt)
      native-image;             pgo;                287;        38.040;  Power (Watt)
      native-image;             pgo;                288;        37.230;  Power (Watt)
      native-image;             pgo;                289;        36.500;  Power (Watt)
      native-image;             pgo;                290;        36.530;  Power (Watt)
      native-image;             pgo;                291;        38.070;  Power (Watt)
      native-image;             pgo;                292;        37.500;  Power (Watt)
      native-image;             pgo;                293;        35.900;  Power (Watt)
      native-image;             pgo;                294;        35.140;  Power (Watt)
      native-image;             pgo;                295;        36.970;  Power (Watt)
      native-image;             pgo;                296;        35.440;  Power (Watt)
      native-image;             pgo;                297;        35.230;  Power (Watt)
      native-image;             pgo;                298;        38.580;  Power (Watt)
      native-image;             pgo;                299;        36.150;  Power (Watt)
      native-image;             pgo;                300;        36.150;  Power (Watt)
      native-image;             pgo;                301;        32.210;  Power (Watt)
      native-image;             pgo;                302;        35.640;  Power (Watt)
      native-image;             pgo;                303;        36.220;  Power (Watt)
      native-image;             pgo;                304;        39.040;  Power (Watt)
      native-image;             pgo;                305;        38.240;  Power (Watt)
      native-image;             pgo;                306;        37.550;  Power (Watt)
      native-image;             pgo;                307;        38.170;  Power (Watt)
      native-image;             pgo;                308;        36.820;  Power (Watt)
      native-image;             pgo;                309;        35.790;  Power (Watt)
      native-image;             pgo;                310;        35.870;  Power (Watt)
      native-image;             pgo;                311;        37.690;  Power (Watt)
      native-image;             pgo;                312;        47.690;  Power (Watt)
      native-image;             pgo;                313;        37.240;  Power (Watt)
      native-image;             pgo;                314;        35.730;  Power (Watt)
      native-image;             pgo;                315;        36.490;  Power (Watt)
      native-image;             pgo;                316;        36.100;  Power (Watt)
      native-image;             pgo;                317;        37.010;  Power (Watt)
      native-image;             pgo;                318;        50.740;  Power (Watt)
      native-image;             pgo;                319;        60.660;  Power (Watt)
      native-image;             pgo;                320;        38.510;  Power (Watt)
      native-image;             pgo;                321;        32.450;  Power (Watt)
    oracle-graalvm;         default;                  1;         9.130;  Power (Watt)
    oracle-graalvm;         default;                  2;        10.480;  Power (Watt)
    oracle-graalvm;         default;                  3;         7.330;  Power (Watt)
    oracle-graalvm;         default;                  4;        44.440;  Power (Watt)
    oracle-graalvm;         default;                  5;        42.910;  Power (Watt)
    oracle-graalvm;         default;                  6;        42.900;  Power (Watt)
    oracle-graalvm;         default;                  7;        43.990;  Power (Watt)
    oracle-graalvm;         default;                  8;        43.250;  Power (Watt)
    oracle-graalvm;         default;                  9;        45.470;  Power (Watt)
    oracle-graalvm;         default;                 10;        47.470;  Power (Watt)
    oracle-graalvm;         default;                 11;        47.000;  Power (Watt)
    oracle-graalvm;         default;                 12;        47.120;  Power (Watt)
      native-image;         default;                  1;        23.850;  Power (Watt)
      native-image;         default;                  2;        23.000;  Power (Watt)
      native-image;         default;                  3;        23.450;  Power (Watt)
      native-image;         default;                  4;        41.730;  Power (Watt)
      native-image;         default;                  5;        40.650;  Power (Watt)
      native-image;         default;                  6;        45.550;  Power (Watt)
      native-image;         default;                  7;        43.150;  Power (Watt)
      native-image;         default;                  8;        47.300;  Power (Watt)
      native-image;         default;                  9;        46.700;  Power (Watt)
      native-image;         default;                 10;        46.270;  Power (Watt)
      native-image;         default;                 11;        46.430;  Power (Watt)
      native-image;         default;                 12;        47.530;  Power (Watt)
      native-image;         default;                 13;        43.700;  Power (Watt)
      native-image;         default;                 14;        46.980;  Power (Watt)
      native-image;         default;                 15;        44.990;  Power (Watt)
      native-image;         default;                 16;        45.670;  Power (Watt)
      native-image;         default;                 17;        45.850;  Power (Watt)
      native-image;         default;                 18;        46.440;  Power (Watt)
      native-image;         default;                 19;        46.810;  Power (Watt)
      native-image;         default;                 20;        45.210;  Power (Watt)
      native-image;         default;                 21;        45.110;  Power (Watt)
      native-image;         default;                 22;        43.560;  Power (Watt)
      native-image;         default;                 23;        42.290;  Power (Watt)
      native-image;         default;                 24;        45.350;  Power (Watt)
      native-image;         default;                 25;        45.600;  Power (Watt)
      native-image;         default;                 26;        48.060;  Power (Watt)
      native-image;         default;                 27;        47.880;  Power (Watt)
      native-image;         default;                 28;        47.440;  Power (Watt)
      native-image;         default;                 29;        48.310;  Power (Watt)
      native-image;         default;                 30;        49.710;  Power (Watt)
      native-image;         default;                 31;        49.490;  Power (Watt)
      native-image;         default;                 32;        45.630;  Power (Watt)
      native-image;         default;                 33;        45.120;  Power (Watt)
      native-image;         default;                 34;        43.170;  Power (Watt)
      native-image;         default;                 35;        43.870;  Power (Watt)
      native-image;         default;                 36;        43.000;  Power (Watt)
      native-image;         default;                 37;        62.450;  Power (Watt)
      native-image;         default;                 38;        65.010;  Power (Watt)
      native-image;         default;                 39;        61.610;  Power (Watt)
      native-image;         default;                 40;        61.000;  Power (Watt)
      native-image;         default;                 41;        52.050;  Power (Watt)
      native-image;         default;                 42;        44.550;  Power (Watt)
      native-image;         default;                 43;        46.640;  Power (Watt)
      native-image;         default;                 44;        47.850;  Power (Watt)
      native-image;         default;                 45;        52.480;  Power (Watt)
      native-image;         default;                 46;        53.540;  Power (Watt)
      native-image;         default;                 47;        70.880;  Power (Watt)
      native-image;         default;                 48;        69.960;  Power (Watt)
      native-image;         default;                 49;        76.780;  Power (Watt)
      native-image;         default;                 50;        77.750;  Power (Watt)
      native-image;         default;                 51;        76.290;  Power (Watt)
      native-image;         default;                 52;        77.850;  Power (Watt)
      native-image;         default;                 53;        76.980;  Power (Watt)
      native-image;         default;                 54;        73.620;  Power (Watt)
      native-image;         default;                 55;        76.900;  Power (Watt)
      native-image;         default;                 56;        74.340;  Power (Watt)
      native-image;         default;                 57;        73.310;  Power (Watt)
      native-image;         default;                 58;        52.150;  Power (Watt)
      native-image;         default;                 59;        51.960;  Power (Watt)
      native-image;         default;                 60;        76.840;  Power (Watt)
      native-image;         default;                 61;        78.260;  Power (Watt)
      native-image;         default;                 62;        76.260;  Power (Watt)
      native-image;         default;                 63;        64.270;  Power (Watt)
      native-image;         default;                 64;        73.390;  Power (Watt)
      native-image;         default;                 65;        75.770;  Power (Watt)
      native-image;         default;                 66;        79.390;  Power (Watt)
      native-image;         default;                 67;        80.550;  Power (Watt)
      native-image;         default;                 68;        62.640;  Power (Watt)
      native-image;         default;                 69;        78.150;  Power (Watt)
      native-image;         default;                 70;        73.720;  Power (Watt)
      native-image;         default;                 71;        76.330;  Power (Watt)
      native-image;         default;                 72;        73.860;  Power (Watt)
      native-image;         default;                 73;        68.810;  Power (Watt)
      native-image;         default;                 74;        73.460;  Power (Watt)
      native-image;         default;                 75;        80.960;  Power (Watt)
      native-image;         default;                 76;        80.180;  Power (Watt)
      native-image;         default;                 77;        77.700;  Power (Watt)
      native-image;         default;                 78;        57.980;  Power (Watt)
      native-image;         default;                 79;        79.190;  Power (Watt)
      native-image;         default;                 80;        78.720;  Power (Watt)
      native-image;         default;                 81;        80.750;  Power (Watt)
      native-image;         default;                 82;        78.270;  Power (Watt)
      native-image;         default;                 83;        78.210;  Power (Watt)
      native-image;         default;                 84;        72.360;  Power (Watt)
      native-image;         default;                 85;        73.700;  Power (Watt)
      native-image;         default;                 86;        70.990;  Power (Watt)
      native-image;         default;                 87;        73.200;  Power (Watt)
      native-image;         default;                 88;        76.850;  Power (Watt)
      native-image;         default;                 89;        75.740;  Power (Watt)
      native-image;         default;                 90;        76.660;  Power (Watt)
      native-image;         default;                 91;        74.690;  Power (Watt)
      native-image;         default;                 92;        69.750;  Power (Watt)
      native-image;         default;                 93;        74.020;  Power (Watt)
      native-image;         default;                 94;        75.240;  Power (Watt)
      native-image;         default;                 95;        77.100;  Power (Watt)
      native-image;         default;                 96;        74.450;  Power (Watt)
      native-image;         default;                 97;        68.090;  Power (Watt)
      native-image;         default;                 98;        66.690;  Power (Watt)
      native-image;         default;                 99;        63.240;  Power (Watt)
      native-image;         default;                100;        62.060;  Power (Watt)
      native-image;         default;                101;        61.700;  Power (Watt)
      native-image;         default;                102;        60.830;  Power (Watt)
      native-image;         default;                103;        59.130;  Power (Watt)
      native-image;         default;                104;        63.350;  Power (Watt)
      native-image;         default;                105;        59.010;  Power (Watt)
      native-image;         default;                106;        53.900;  Power (Watt)
      native-image;         default;                107;        51.890;  Power (Watt)
      native-image;         default;                108;        49.300;  Power (Watt)
      native-image;         default;                109;        52.720;  Power (Watt)
      native-image;         default;                110;        54.140;  Power (Watt)
      native-image;         default;                111;        53.820;  Power (Watt)
      native-image;         default;                112;        51.330;  Power (Watt)
      native-image;         default;                113;        51.430;  Power (Watt)
      native-image;         default;                114;        58.350;  Power (Watt)
      native-image;         default;                115;        54.080;  Power (Watt)
      native-image;         default;                116;        53.640;  Power (Watt)
      native-image;         default;                117;        55.910;  Power (Watt)
      native-image;         default;                118;        54.820;  Power (Watt)
      native-image;         default;                119;        54.300;  Power (Watt)
      native-image;         default;                120;        54.040;  Power (Watt)
      native-image;         default;                121;        54.000;  Power (Watt)
      native-image;         default;                122;        53.410;  Power (Watt)
      native-image;         default;                123;        53.460;  Power (Watt)
      native-image;         default;                124;        53.940;  Power (Watt)
      native-image;         default;                125;        55.050;  Power (Watt)
      native-image;         default;                126;        52.130;  Power (Watt)
      native-image;         default;                127;        54.710;  Power (Watt)
      native-image;         default;                128;        52.550;  Power (Watt)
      native-image;         default;                129;        51.800;  Power (Watt)
      native-image;         default;                130;        51.670;  Power (Watt)
      native-image;         default;                131;        39.540;  Power (Watt)
      native-image;         default;                132;        33.480;  Power (Watt)
      native-image;         default;                133;        33.410;  Power (Watt)
      native-image;         default;                134;        39.470;  Power (Watt)
      native-image;         default;                135;        54.110;  Power (Watt)
      native-image;         default;                136;        44.990;  Power (Watt)
      native-image;         default;                137;        49.690;  Power (Watt)
      native-image;         default;                138;        35.270;  Power (Watt)
      native-image;         default;                139;        37.910;  Power (Watt)
      native-image;         default;                140;        35.820;  Power (Watt)
      native-image;         default;                141;        34.220;  Power (Watt)
      native-image;         default;                142;        65.440;  Power (Watt)
      native-image;         default;                143;        55.140;  Power (Watt)
      native-image;         default;                144;        34.390;  Power (Watt)
      native-image;         default;                145;        33.420;  Power (Watt)
      native-image;         default;                146;        54.190;  Power (Watt)
      native-image;         default;                147;        45.640;  Power (Watt)
      native-image;         default;                148;        65.370;  Power (Watt)
      native-image;         default;                149;        68.710;  Power (Watt)
      native-image;         default;                150;        62.870;  Power (Watt)
      native-image;         default;                151;        38.540;  Power (Watt)
      native-image;         default;                152;        37.490;  Power (Watt)
      native-image;         default;                153;        37.880;  Power (Watt)
      native-image;         default;                154;        40.900;  Power (Watt)
      native-image;         default;                155;        41.240;  Power (Watt)
      native-image;         default;                156;        59.480;  Power (Watt)
      native-image;         default;                157;        72.940;  Power (Watt)
      native-image;         default;                158;        61.770;  Power (Watt)
      native-image;         default;                159;        59.320;  Power (Watt)
      native-image;         default;                160;        50.090;  Power (Watt)
      native-image;         default;                161;        45.680;  Power (Watt)
      native-image;         default;                162;        44.880;  Power (Watt)
      native-image;         default;                163;        43.310;  Power (Watt)
      native-image;         default;                164;        42.960;  Power (Watt)
      native-image;         default;                165;        43.770;  Power (Watt)
      native-image;         default;                166;        42.680;  Power (Watt)
      native-image;         default;                167;        52.840;  Power (Watt)
      native-image;         default;                168;        45.720;  Power (Watt)
      native-image;         default;                169;        45.300;  Power (Watt)
      native-image;         default;                170;        42.010;  Power (Watt)
      native-image;         default;                171;        70.980;  Power (Watt)
      native-image;         default;                172;        72.810;  Power (Watt)
      native-image;         default;                173;        74.880;  Power (Watt)
      native-image;         default;                174;        74.870;  Power (Watt)
      native-image;         default;                175;        73.980;  Power (Watt)
      native-image;         default;                176;        73.430;  Power (Watt)
      native-image;         default;                177;        82.770;  Power (Watt)
      native-image;         default;                178;        86.940;  Power (Watt)
      native-image;         default;                179;        87.160;  Power (Watt)
      native-image;         default;                180;        88.410;  Power (Watt)
      native-image;         default;                181;        89.630;  Power (Watt)
      native-image;         default;                182;        84.730;  Power (Watt)
      native-image;         default;                183;        90.090;  Power (Watt)
      native-image;         default;                184;        89.800;  Power (Watt)
      native-image;         default;                185;        88.790;  Power (Watt)
      native-image;         default;                186;        90.550;  Power (Watt)
      native-image;         default;                187;        90.900;  Power (Watt)
      native-image;         default;                188;        88.380;  Power (Watt)
      native-image;         default;                189;        87.050;  Power (Watt)
      native-image;         default;                190;        89.580;  Power (Watt)
      native-image;         default;                191;        76.910;  Power (Watt)
      native-image;         default;                192;        35.790;  Power (Watt)
      native-image;         default;                193;        64.450;  Power (Watt)
      native-image;         default;                194;        90.040;  Power (Watt)
      native-image;         default;                195;        79.630;  Power (Watt)
      native-image;         default;                196;        63.190;  Power (Watt)
      native-image;         default;                197;        70.440;  Power (Watt)
      native-image;         default;                198;        68.670;  Power (Watt)
      native-image;         default;                199;        79.840;  Power (Watt)
      native-image;         default;                200;        80.790;  Power (Watt)
      native-image;         default;                201;        72.100;  Power (Watt)
      native-image;         default;                202;        83.370;  Power (Watt)
      native-image;         default;                203;        82.520;  Power (Watt)
      native-image;         default;                204;        81.750;  Power (Watt)
      native-image;         default;                205;        82.280;  Power (Watt)
      native-image;         default;                206;        79.770;  Power (Watt)
      native-image;         default;                207;        81.770;  Power (Watt)
      native-image;         default;                208;        81.760;  Power (Watt)
      native-image;         default;                209;        82.880;  Power (Watt)
      native-image;         default;                210;        83.730;  Power (Watt)
      native-image;         default;                211;        82.770;  Power (Watt)
      native-image;         default;                212;        79.610;  Power (Watt)
      native-image;         default;                213;        80.780;  Power (Watt)
      native-image;         default;                214;        79.160;  Power (Watt)
      native-image;         default;                215;        75.340;  Power (Watt)
      native-image;         default;                216;        75.940;  Power (Watt)
      native-image;         default;                217;        84.970;  Power (Watt)
      native-image;         default;                218;        84.790;  Power (Watt)
      native-image;         default;                219;        85.830;  Power (Watt)
      native-image;         default;                220;        85.010;  Power (Watt)
      native-image;         default;                221;        86.680;  Power (Watt)
      native-image;         default;                222;        83.890;  Power (Watt)
      native-image;         default;                223;        82.070;  Power (Watt)
      native-image;         default;                224;        82.170;  Power (Watt)
      native-image;         default;                225;        81.840;  Power (Watt)
      native-image;         default;                226;        80.370;  Power (Watt)
      native-image;         default;                227;        82.360;  Power (Watt)
      native-image;         default;                228;        75.680;  Power (Watt)
      native-image;         default;                229;        75.340;  Power (Watt)
      native-image;         default;                230;        84.560;  Power (Watt)
      native-image;         default;                231;        85.040;  Power (Watt)
      native-image;         default;                232;        77.650;  Power (Watt)
      native-image;         default;                233;        87.230;  Power (Watt)
      native-image;         default;                234;        89.240;  Power (Watt)
      native-image;         default;                235;        87.590;  Power (Watt)
      native-image;         default;                236;        89.240;  Power (Watt)
      native-image;         default;                237;        87.630;  Power (Watt)
      native-image;         default;                238;        89.870;  Power (Watt)
      native-image;         default;                239;        88.350;  Power (Watt)
      native-image;         default;                240;        87.090;  Power (Watt)
      native-image;         default;                241;        88.810;  Power (Watt)
      native-image;         default;                242;        88.290;  Power (Watt)
      native-image;         default;                243;        89.990;  Power (Watt)
      native-image;         default;                244;        90.000;  Power (Watt)
      native-image;         default;                245;        89.180;  Power (Watt)
      native-image;         default;                246;        89.350;  Power (Watt)
      native-image;         default;                247;        90.140;  Power (Watt)
      native-image;         default;                248;        89.570;  Power (Watt)
      native-image;         default;                249;        89.730;  Power (Watt)
      native-image;         default;                250;        88.900;  Power (Watt)
      native-image;         default;                251;        89.470;  Power (Watt)
      native-image;         default;                252;        89.540;  Power (Watt)
      native-image;         default;                253;        90.850;  Power (Watt)
      native-image;         default;                254;        89.320;  Power (Watt)
      native-image;         default;                255;        89.250;  Power (Watt)
      native-image;         default;                256;        89.150;  Power (Watt)
      native-image;         default;                257;        89.930;  Power (Watt)
      native-image;         default;                258;        90.320;  Power (Watt)
      native-image;         default;                259;        90.950;  Power (Watt)
      native-image;         default;                260;        90.310;  Power (Watt)
      native-image;         default;                261;        74.330;  Power (Watt)
      native-image;         default;                262;        85.750;  Power (Watt)
      native-image;         default;                263;        90.120;  Power (Watt)
      native-image;         default;                264;        90.050;  Power (Watt)
      native-image;         default;                265;        89.440;  Power (Watt)
      native-image;         default;                266;        90.990;  Power (Watt)
      native-image;         default;                267;        91.550;  Power (Watt)
      native-image;         default;                268;        91.430;  Power (Watt)
      native-image;         default;                269;        91.120;  Power (Watt)
      native-image;         default;                270;        90.550;  Power (Watt)
      native-image;         default;                271;        90.560;  Power (Watt)
      native-image;         default;                272;        91.330;  Power (Watt)
      native-image;         default;                273;        90.170;  Power (Watt)
      native-image;         default;                274;        91.330;  Power (Watt)
      native-image;         default;                275;        90.750;  Power (Watt)
      native-image;         default;                276;        93.480;  Power (Watt)
      native-image;         default;                277;        93.010;  Power (Watt)
      native-image;         default;                278;        91.650;  Power (Watt)
      native-image;         default;                279;        92.050;  Power (Watt)
      native-image;         default;                280;        90.490;  Power (Watt)
      native-image;         default;                281;        92.540;  Power (Watt)
      native-image;         default;                282;        92.130;  Power (Watt)
      native-image;         default;                283;        93.100;  Power (Watt)
      native-image;         default;                284;        91.410;  Power (Watt)
      native-image;         default;                285;        90.800;  Power (Watt)
      native-image;         default;                286;        92.940;  Power (Watt)
      native-image;         default;                287;        90.090;  Power (Watt)
      native-image;         default;                288;        91.140;  Power (Watt)
      native-image;         default;                289;        92.400;  Power (Watt)
      native-image;         default;                290;        89.400;  Power (Watt)
      native-image;         default;                291;        93.980;  Power (Watt)
      native-image;         default;                292;        91.110;  Power (Watt)
      native-image;         default;                293;        91.230;  Power (Watt)
      native-image;         default;                294;        91.210;  Power (Watt)
      native-image;         default;                295;        92.590;  Power (Watt)
      native-image;         default;                296;        91.750;  Power (Watt)
      native-image;         default;                297;        89.170;  Power (Watt)
      native-image;         default;                298;        95.310;  Power (Watt)
      native-image;         default;                299;        93.890;  Power (Watt)
      native-image;         default;                300;        94.810;  Power (Watt)
      native-image;         default;                301;        95.050;  Power (Watt)
      native-image;         default;                302;        94.100;  Power (Watt)
      native-image;         default;                303;        95.500;  Power (Watt)
      native-image;         default;                304;        59.830;  Power (Watt)
      native-image;         default;                305;        42.390;  Power (Watt)
      native-image;         default;                306;        38.420;  Power (Watt)
      native-image;         default;                307;        39.540;  Power (Watt)
      native-image;         default;                308;        41.240;  Power (Watt)
      native-image;         default;                309;        41.020;  Power (Watt)
      native-image;         default;                310;        39.360;  Power (Watt)
      native-image;         default;                311;        38.370;  Power (Watt)
      native-image;         default;                312;        38.090;  Power (Watt)
      native-image;         default;                313;        46.570;  Power (Watt)
      native-image;         default;                314;        39.680;  Power (Watt)
      native-image;         default;                315;        37.870;  Power (Watt)
      native-image;         default;                316;        37.640;  Power (Watt)
      native-image;         default;                317;        38.710;  Power (Watt)
      native-image;         default;                318;        37.860;  Power (Watt)
      native-image;         default;                319;        37.830;  Power (Watt)
      native-image;         default;                320;        38.260;  Power (Watt)
      native-image;         default;                321;        46.570;  Power (Watt)
      native-image;         default;                322;        66.230;  Power (Watt)
      native-image;         default;                323;        70.240;  Power (Watt)
      native-image;         default;                324;        74.310;  Power (Watt)
      native-image;         default;                325;        49.280;  Power (Watt)
      native-image;         default;                326;        41.520;  Power (Watt)
      native-image;         default;                327;        37.900;  Power (Watt)
      native-image;         default;                328;        38.710;  Power (Watt)
      native-image;         default;                329;        39.390;  Power (Watt)
      native-image;         default;                330;        37.850;  Power (Watt)
      native-image;         default;                331;        37.410;  Power (Watt)
      native-image;         default;                332;        37.880;  Power (Watt)
      native-image;         default;                333;        38.010;  Power (Watt)
      native-image;         default;                334;        37.290;  Power (Watt)
      native-image;         default;                335;        38.890;  Power (Watt)
      native-image;         default;                336;        41.110;  Power (Watt)
      native-image;         default;                337;        40.010;  Power (Watt)
      native-image;         default;                338;        39.500;  Power (Watt)
      native-image;         default;                339;        39.320;  Power (Watt)
      native-image;         default;                340;        38.760;  Power (Watt)
      native-image;         default;                341;        38.520;  Power (Watt)
      native-image;         default;                342;        37.940;  Power (Watt)
      native-image;         default;                343;        38.980;  Power (Watt)
      native-image;         default;                344;        38.480;  Power (Watt)
      native-image;         default;                345;        39.340;  Power (Watt)
      native-image;         default;                346;        38.010;  Power (Watt)
      native-image;         default;                347;        39.200;  Power (Watt)
      native-image;         default;                348;        37.930;  Power (Watt)
      native-image;         default;                349;        37.870;  Power (Watt)
      native-image;         default;                350;        37.960;  Power (Watt)
      native-image;         default;                351;        38.060;  Power (Watt)
      native-image;         default;                352;        37.870;  Power (Watt)
      native-image;         default;                353;        37.730;  Power (Watt)
      native-image;         default;                354;        40.600;  Power (Watt)
      native-image;         default;                355;        40.170;  Power (Watt)
      native-image;         default;                356;        42.640;  Power (Watt)
      native-image;         default;                357;        40.380;  Power (Watt)
      native-image;         default;                358;        35.860;  Power (Watt)
     azul-prime-vm;         default;                  1;        25.750;  Power (Watt)
     azul-prime-vm;         default;                  2;        26.780;  Power (Watt)
     azul-prime-vm;         default;                  3;        24.900;  Power (Watt)
     azul-prime-vm;         default;                  4;        55.330;  Power (Watt)
     azul-prime-vm;         default;                  5;        65.910;  Power (Watt)
     azul-prime-vm;         default;                  6;        65.560;  Power (Watt)
     azul-prime-vm;         default;                  7;        78.790;  Power (Watt)
     azul-prime-vm;         default;                  8;        80.690;  Power (Watt)
     azul-prime-vm;         default;                  9;        81.200;  Power (Watt)
     azul-prime-vm;         default;                 10;        81.890;  Power (Watt)
     azul-prime-vm;         default;                 11;        82.320;  Power (Watt)
     azul-prime-vm;         default;                 12;        82.190;  Power (Watt)
     azul-prime-vm;         default;                 13;        82.420;  Power (Watt)
     azul-prime-vm;         default;                 14;        81.220;  Power (Watt)
     azul-prime-vm;         default;                 15;        46.980;  Power (Watt)
 eclipse-openj9-vm;         default;                  1;        17.380;  Power (Watt)
 eclipse-openj9-vm;         default;                  2;        17.240;  Power (Watt)
 eclipse-openj9-vm;         default;                  3;        16.150;  Power (Watt)
 eclipse-openj9-vm;         default;                  4;        45.640;  Power (Watt)
 eclipse-openj9-vm;         default;                  5;        46.760;  Power (Watt)
 eclipse-openj9-vm;         default;                  6;        45.810;  Power (Watt)
 eclipse-openj9-vm;         default;                  7;        42.920;  Power (Watt)
 eclipse-openj9-vm;         default;                  8;        44.510;  Power (Watt)
 eclipse-openj9-vm;         default;                  9;        43.390;  Power (Watt)
 eclipse-openj9-vm;         default;                 10;        43.360;  Power (Watt)
 eclipse-openj9-vm;         default;                 11;        43.420;  Power (Watt)
 eclipse-openj9-vm;         default;                 12;        46.990;  Power (Watt)
 eclipse-openj9-vm;         default;                 13;        42.880;  Power (Watt)
        graalvm-ce;         default;                  1;         9.230;  Power (Watt)
        graalvm-ce;         default;                  2;         7.040;  Power (Watt)
        graalvm-ce;         default;                  3;         7.360;  Power (Watt)
        graalvm-ce;         default;                  4;        42.750;  Power (Watt)
        graalvm-ce;         default;                  5;        43.850;  Power (Watt)
        graalvm-ce;         default;                  6;        40.900;  Power (Watt)
        graalvm-ce;         default;                  7;        41.830;  Power (Watt)
        graalvm-ce;         default;                  8;        41.880;  Power (Watt)
        graalvm-ce;         default;                  9;        45.400;  Power (Watt)
        graalvm-ce;         default;                 10;        51.730;  Power (Watt)
        graalvm-ce;         default;                 11;        49.970;  Power (Watt)
        graalvm-ce;         default;                 12;        48.960;  Power (Watt)
openjdk-hotspot-vm;         default;                  1;        27.940;  Power (Watt)
openjdk-hotspot-vm;         default;                  2;        28.000;  Power (Watt)
openjdk-hotspot-vm;         default;                  3;        27.650;  Power (Watt)
openjdk-hotspot-vm;         default;                  4;        45.410;  Power (Watt)
openjdk-hotspot-vm;         default;                  5;        46.500;  Power (Watt)
openjdk-hotspot-vm;         default;                  6;        52.460;  Power (Watt)
openjdk-hotspot-vm;         default;                  7;        49.800;  Power (Watt)
openjdk-hotspot-vm;         default;                  8;        56.160;  Power (Watt)
openjdk-hotspot-vm;         default;                  9;        56.050;  Power (Watt)
openjdk-hotspot-vm;         default;                 10;        48.920;  Power (Watt)
openjdk-hotspot-vm;         default;                 11;        53.200;  Power (Watt)
openjdk-hotspot-vm;         default;                 12;        47.310;  Power (Watt)
